{
  "pooling": "cls",
  "test_auc": 0.6267034393251136,
  "test_f1": 0.5665024630541872,
  "test_mcc": 0.22184849349837907,
  "test_acc": 0.6106194690265486
}