{
  "pooling": "mean",
  "test_auc": 0.6593932511356262,
  "test_f1": 0.4584717607973422,
  "test_mcc": 0.21972804087588108,
  "test_acc": 0.6393805309734514
}